<?xml version="1.0" encoding="UTF-8"?>
<project-private xmlns="http://www.netbeans.org/ns/project-private/1">
    <editor-bookmarks xmlns="http://www.netbeans.org/ns/editor-bookmarks/2" lastBookmarkId="0"/>
    <open-files xmlns="http://www.netbeans.org/ns/projectui-open-files/2">
        <group>
            <file>file:/C:/Users/Paulol/Videos/ProjectDEU/src/Model/DAOCandidatos.java</file>
            <file>file:/C:/Users/Paulol/Videos/ProjectDEU/src/View/FrmUsuario.java</file>
            <file>file:/C:/Users/Paulol/Videos/ProjectDEU/src/View/Admin.java</file>
            <file>file:/C:/Users/Paulol/Videos/ProjectDEU/src/View/Registro.java</file>
            <file>file:/C:/Users/Paulol/Videos/ProjectDEU/src/Model/Rol.java</file>
            <file>file:/C:/Users/Paulol/Videos/ProjectDEU/src/Controller/ProyectoDUX.java</file>
            <file>file:/C:/Users/Paulol/Videos/ProjectDEU/src/Model/DBConnection.java</file>
            <file>file:/C:/Users/Paulol/Videos/ProjectDEU/src/Controller/CtrlPeriodo.java</file>
            <file>file:/C:/Users/Paulol/Videos/ProjectDEU/src/Model/DAORol.java</file>
            <file>file:/C:/Users/Paulol/Videos/ProjectDEU/src/Controller/CtrlRol.java</file>
            <file>file:/C:/Users/Paulol/Videos/ProjectDEU/src/Model/Usuario.java</file>
            <file>file:/C:/Users/Paulol/Videos/ProjectDEU/src/Model/DAOUsuario.java</file>
            <file>file:/C:/Users/Paulol/Videos/ProjectDEU/src/Controller/CtrlMetodosInterfaces.java</file>
            <file>file:/C:/Users/Paulol/Videos/ProjectDEU/src/Controller/CtrlGrafico.java</file>
            <file>file:/C:/Users/Paulol/Videos/ProjectDEU/src/Model/Candidatos.java</file>
            <file>file:/C:/Users/Paulol/Videos/ProjectDEU/src/Controller/CtrlUsuario.java</file>
            <file>file:/C:/Users/Paulol/Videos/ProjectDEU/src/Controller/CtrlCandidatos.java</file>
            <file>file:/C:/Users/Paulol/Videos/ProjectDEU/src/View/Login.java</file>
        </group>
    </open-files>
</project-private>
